borehole_id,easting,northing,depth_m,depth_top_m,depth_bot_m,soil_layer,soil_desc,consistency,su_kpa,su_method,spt_n,unit_weight,plasticity_idx,liquid_limit,plastic_limit,water_content,source_file,notes
OW-01,658871.0,1522280.0,1.25,0.0,2.5,MG,Ground Surface Fill Material / Top Soil,Very Soft,12.7,ST,,,,,,,OW-01.pdf,
OW-01,658871.0,1522280.0,7.0,2.5,11.5,VSC,"Very soft to soft CLAY, trace of sand, grey, high plasticity (CH)",Soft,21.2,ST,,,,,,,OW-01.pdf,
OW-01,658871.0,1522280.0,12.25,11.5,13.0,VSC,"Very soft to soft CLAY, grey, high plasticity (CH)",Medium,42.5,ST,,,,,,,OW-01.pdf,
OW-01,658871.0,1522280.0,15.0,13.0,17.0,VSC,"Very soft to soft CLAY, grey, high plasticity (CH) Soft CLAY, trace of sand, grey, high plasticity (CH)",Soft,18.5,ST,11,,,,,,OW-01.pdf,
OW-01,658871.0,1522280.0,22.5,17.0,28.0,SC,"Stiff to very stiff CLAY, trace of sand, light grey to grey, high plasticity (CH)",Very Stiff,,,16,,,,,,OW-01.pdf,
OW-01,658871.0,1522280.0,30.25,28.0,32.5,SS,"Dense silty SAND, grey, fine grained (SM)",Dense,,,41,,,,,,OW-01.pdf,
OW-01,658871.0,1522280.0,33.25,32.5,34.0,SS,"Dense silty SAND, black, fine grained (SM) Dense to very dense silty SAND, grey, fine",Dense,,,39,,,,,,OW-01.pdf,
OW-01,658871.0,1522280.0,42.25,34.0,50.5,SS,"Dense silty SAND, black, fine grained (SM) Dense to very dense silty SAND, grey, fine to medium grained (SM)",Very Dense,,,52,,,,,,OW-01.pdf,
OW-01,658871.0,1522280.0,55.48,50.5,60.45,SS,"Dense to very dense silty SAND / SAND with silt, grey, fine to medium grained (SM,",Very Dense,,,54,,,,,,OW-01.pdf,
OW-02,658992.0,1522183.0,1.25,0.0,2.5,MG,Ground Surface Fill Material / Top Soil,,,,,,,,,,OW-02.pdf,
OW-02,658992.0,1522183.0,8.5,2.5,14.5,VSC,"Very soft to soft CLAY, except soft clay with sand for ST-8, trace of sand, grey,",Soft,18.0,ST,,,,,,,OW-02.pdf,
OW-02,658992.0,1522183.0,15.25,14.5,16.0,SC,"Loose silty SAND, grey to dark grey, fine to medium grained (SM) Stiff to very stiff CLAY, trace to few sand,",Very Soft,10.0,ST,11,,,,,,OW-02.pdf,
OW-02,658992.0,1522183.0,21.25,16.0,26.5,SC,"to medium grained (SM) Stiff to very stiff CLAY, trace to few sand, light grey to grey, high plasticity (CH)",Very Stiff,,,18,,,,,,OW-02.pdf,
OW-02,658992.0,1522183.0,28.75,26.5,31.0,SS,"Medium dense to very dense silty SAND / SAND with silt, grey, fine to medium",Dense,,,33,,,,,,OW-02.pdf,
OW-02,658992.0,1522183.0,31.75,31.0,32.5,MSC,"Hard CLAY, trace of sand, grey, high plasticity (CH)",Hard,,,38,,,,,,OW-02.pdf,
OW-02,658992.0,1522183.0,46.48,32.5,60.45,MSC,"Hard CLAY, trace of sand, grey, high plasticity (CH) Medium dense to dense silty SAND / SAND with silt, greyish brown and grey,",Hard,,,47,,,,,,OW-02.pdf,
OW-03,659037.0,1522122.0,1.25,0.0,2.5,MG,Ground Surface Fill Material / Top Soil,Medium,40.2,ST,,,,,,,OW-03.pdf,
OW-03,659037.0,1522122.0,3.25,2.5,4.0,SC,"Medium stiff CLAY, trace of sand, grey, high plasticity (CH)",Medium,40.2,ST,,,,,,,OW-03.pdf,
OW-03,659037.0,1522122.0,9.25,4.0,14.5,VSC,"Medium stiff CLAY, trace of sand, grey, high plasticity (CH) Very soft to soft CLAY, except medium stiff clay for ST-5, trace to few sand, grey,",Soft,17.1,ST,,,,,,,OW-03.pdf,
OW-03,659037.0,1522122.0,15.0,14.5,15.5,SC,"Medium stiff CLAY, trace of sand, grey, high plasticity (CH) Very stiff CLAY, trace of sand, brown, high",Medium,27.0,ST,27,,,,,,OW-03.pdf,
OW-03,659037.0,1522122.0,16.5,15.5,17.5,SC,"Medium stiff CLAY, trace of sand, grey, high plasticity (CH) Very stiff CLAY, trace of sand, brown, high plasticity (CH)",Very Stiff,,,30,,,,,,OW-03.pdf,
OW-03,659037.0,1522122.0,18.25,17.5,19.0,MSC,"plasticity (CH) Hard CLAY, trace of sand, brown, high plasticity (CH)",Hard,,,32,,,,,,OW-03.pdf,
OW-03,659037.0,1522122.0,20.5,19.0,22.0,MSC,"Hard CLAY, trace of sand, brown, high plasticity (CH) Very stiff CLAY, trace of sand, brown, high plasticity (CH)",Very Stiff,,,18,,,,,,OW-03.pdf,
OW-03,659037.0,1522122.0,23.5,22.0,25.0,SC,"plasticity (CH) Medium stiff CLAY, trace of sand, grey, low plasticity (CL)",Medium,,,6,,,,,,OW-03.pdf,
OW-03,659037.0,1522122.0,31.0,25.0,37.0,SS,"Very dense silty SAND / SAND with silt, few gravel at SS-12 and SS-13, brown and",Very Dense,,,59,,,,,,OW-03.pdf,
OW-03,659037.0,1522122.0,37.75,37.0,38.5,SS,"Very stiff sandy CLAY, grey, low plasticity (CL) Hard sandy CLAY, grey, low plasticity (CL)",Medium Dense,,,30,,,,,,OW-03.pdf,
OW-03,659037.0,1522122.0,46.0,38.5,53.5,SS,"Very stiff sandy CLAY, grey, low plasticity (CL) Hard sandy CLAY, grey, low plasticity (CL)",Dense,,,33,,,,,,OW-03.pdf,
OW-03,659037.0,1522122.0,54.25,53.5,55.0,SS,"Hard sandy CLAY, greyish brown, low plasticity (CL) Very dense silty SAND, grey and greyish",,,,,,,,,,OW-03.pdf,
OW-03,659037.0,1522122.0,57.73,55.0,60.45,SS,"plasticity (CL) Very dense silty SAND, grey and greyish brown, fine to medium grained (SM)",,,,,,,,,,OW-03.pdf,
OW-04,659131.0,1522072.0,1.25,0.0,2.5,MG,Ground Surface Fill Material / Top Soil,,,,,,,,,,OW-04.pdf,
OW-04,659131.0,1522072.0,4.0,2.5,5.5,SC,"Medium stiff CLAY, some sand for ST-2, grey, high plasticity (CH)",Medium,35.9,ST,,,,,,,OW-04.pdf,
OW-04,659131.0,1522072.0,10.0,5.5,14.5,VSC,"Very soft to soft CLAY, trace to few sand, found decayed wood for ST-4, found sand",Soft,16.8,ST,,,,,,,OW-04.pdf,
OW-04,659131.0,1522072.0,15.0,14.5,15.5,SC,"Medium stiff CLAY, trace of sand, grey, high plasticity (CH) Very stiff sandy CLAY, grey, low plasticity (CL)",Soft,20.0,ST,20,,,,,,OW-04.pdf,
OW-04,659131.0,1522072.0,16.0,15.5,16.5,MSC,"Medium stiff CLAY, trace of sand, grey, high plasticity (CH) Very stiff sandy CLAY, grey, low plasticity (CL) Hard CLAY, trace of sand, grey and brown,",Hard,,,31,,,,,,OW-04.pdf,
OW-04,659131.0,1522072.0,19.25,16.5,22.0,MSC,"Very stiff sandy CLAY, grey, low plasticity (CL) Hard CLAY, trace of sand, grey and brown, high plasticity (CH)",Hard,,,37,,,,,,OW-04.pdf,
OW-04,659131.0,1522072.0,23.5,22.0,25.0,SS,"Stiff sandy CLAY, grey, low plasticity (CL)",Loose,,,10,,,,,,OW-04.pdf,
OW-04,659131.0,1522072.0,37.0,25.0,49.0,SS,"Very dense silty SAND / SAND with silt, grey, fine to medium grained (SM, SP-SM)",Very Dense,,,57,,,,,,OW-04.pdf,
OW-04,659131.0,1522072.0,54.73,49.0,60.45,SS,"Very dense silty SAND / SAND with silt, grey, fine to medium grained (SM, SW-SM,",Very Dense,,,53,,,,,,OW-04.pdf,
OW-05,659371.0,1521851.0,1.25,0.0,2.5,MG,Ground Surface Fill Material / Top Soil,,,,,,,,,,OW-05.pdf,
OW-05,659371.0,1521851.0,6.25,2.5,10.0,VSC,"Very soft to soft sandy CLAY, grey, low plasticity (CL)",Soft,18.3,ST,,,,,,,OW-05.pdf,
OW-05,659371.0,1521851.0,10.75,10.0,11.5,SC,"Medium stiff CLAY with sand, grey, high plasticity (CH) Silty SAND, grey, fine grained (SM)",Medium,29.2,ST,,,,,,,OW-05.pdf,
OW-05,659371.0,1521851.0,12.25,11.5,13.0,SOC,"plasticity (CH) Silty SAND, grey, fine grained (SM) Soft CLAY, trace of sand, grey, high",Medium,29.2,ST,,,,,,,OW-05.pdf,
OW-05,659371.0,1521851.0,14.5,13.0,16.0,SOC,"Silty SAND, grey, fine grained (SM) Soft CLAY, trace of sand, grey, high plasticity (CH)",Soft,24.7,ST,,,,,,,OW-05.pdf,
OW-05,659371.0,1521851.0,19.0,16.0,22.0,SS,"Very stiff silty CLAY, trace to fow sand, brown, high to low plasticity (CH, CL)",Soft,20.0,ST,23,,,,,,OW-05.pdf,
OW-05,659371.0,1521851.0,24.25,22.0,26.5,MSC,"Hard CLAY, except clay with sand, for SS-7, trace of sand, brown, high plasticity",Hard,,,39,,,,,,OW-05.pdf,
OW-05,659371.0,1521851.0,28.0,26.5,29.5,SC,"Stiff CLAY, trace of sand, brown, high plasticity (CH)",Stiff,,,14,,,,,,OW-05.pdf,
OW-05,659371.0,1521851.0,31.75,29.5,34.0,SS,"Very dense SAND with silty, brown, fine to medium grained (SW-SM, SP-SM)",Medium Dense,,,14,,,,,,OW-05.pdf,
OW-05,659371.0,1521851.0,35.5,34.0,37.0,SS,"Stiff silty CLAY, few sand, brownish grey, low plasticity (CL)",Medium Dense,,,12,,,,,,OW-05.pdf,
OW-05,659371.0,1521851.0,48.73,37.0,60.45,MSC,"Hard silty CLAY / CLAY with sand, few sand, brownish grey, low plasticity (CL)",Hard,,,44,,,,,,OW-05.pdf,
OW-06,659373.0,1521872.0,1.25,0.0,2.5,MG,Ground Surface Fill Material / Top Soil,,,,,,,,,,OW-06.pdf,
OW-06,659373.0,1521872.0,3.25,2.5,4.0,SC,"Medium stiff CLAY, trace of sand, grey, high plasticity (CH)",Medium,36.7,ST,,,,,,,OW-06.pdf,
OW-06,659373.0,1521872.0,4.75,4.0,5.5,SOC,"Medium stiff CLAY, trace of sand, grey, high plasticity (CH) Soft CLAY with sand, grey, high plasticity (CH) Soft sandy CLAY, grey, low plasticity (CL)",Soft,17.9,ST,,,,,,,OW-06.pdf,
OW-06,659373.0,1521872.0,7.75,5.5,10.0,SOC,"Soft CLAY with sand, grey, high plasticity (CH) Soft sandy CLAY, grey, low plasticity (CL)",Very Soft,7.1,ST,4,,,,,,OW-06.pdf,
OW-06,659373.0,1521872.0,10.75,10.0,11.5,SC,"Medium stiff silty CLAY, few sand, grey, low plasticity (CL)",Medium,,,5,,,,,,OW-06.pdf,
OW-06,659373.0,1521872.0,13.0,11.5,14.5,SOC,"Medium stiff silty CLAY, few sand, grey, low plasticity (CL) Soft CLAY, trace of sand, grey, high plasticity (CH)",Soft,20.1,ST,,,,,,,OW-06.pdf,
OW-06,659373.0,1521872.0,22.0,14.5,29.5,SS,"plasticity (CH) Very stiff silty CLAY, trace to few sand, grey and brown, high to low plasticity (CH,",Soft,24.0,ST,24,,,,,,OW-06.pdf,
OW-06,659373.0,1521872.0,31.0,29.5,32.5,SS,"Very stiff silty CLAY with sand / sandy CLAY, brown, low plasticity (CL)",Medium Dense,,,26,,,,,,OW-06.pdf,
OW-06,659373.0,1521872.0,35.5,32.5,38.5,SS,"Very dense sitly SAND / SAND with silt, brown, fine to medium grained (SM,",Medium Dense,,,24,,,,,,OW-06.pdf,
OW-06,659373.0,1521872.0,43.0,38.5,47.5,SS,"Very stiff silty CLAY, trace of sand, grey, low plasticity (CL)",Medium Dense,,,21,,,,,,OW-06.pdf,
OW-06,659373.0,1521872.0,49.0,47.5,50.5,MSC,"Hard silty CLAY with sand, grey, low plasticity (CL)",,,,,,,,,,OW-06.pdf,
OW-06,659373.0,1521872.0,52.0,50.5,53.5,SS,"Hard sandy CLAY, brown, low plasticity (CL)",,,,,,,,,,OW-06.pdf,
OW-06,659373.0,1521872.0,56.98,53.5,60.45,SS,"Very dense sitly SAND, brown, fine to medium grained (SM)",,,,,,,,,,OW-06.pdf,
OW-07,660140.0,1521772.0,1.25,0.0,2.5,MG,Ground Surface Fill Material / Top Soil,Soft,16.3,ST,,,,,,,OW-07.pdf,
OW-07,660140.0,1521772.0,7.0,2.5,11.5,VSC,"Very soft to soft CLAY, trace to little sand, grey, high plasticity (CH)",Soft,18.2,ST,,,,,,,OW-07.pdf,
OW-07,660140.0,1521772.0,12.25,11.5,13.0,SOC,"Medium stiff CLAY, trace of sand, grey, high plasticity (CH) Soft CLAY, grey, high plasticity (CH)",Medium,27.3,ST,,,,,,,OW-07.pdf,
OW-07,660140.0,1521772.0,13.75,13.0,14.5,SOC,"Medium stiff CLAY, trace of sand, grey, high plasticity (CH) Soft CLAY, grey, high plasticity (CH) Stiff to very stiff silty CLAY, trace of sand,",Soft,18.4,ST,,,,,,,OW-07.pdf,
OW-07,660140.0,1521772.0,16.75,14.5,19.0,SOC,"Soft CLAY, grey, high plasticity (CH) Stiff to very stiff silty CLAY, trace of sand, grey, high to low plasticity (CH, CL)",Soft,20.0,ST,25,,,,,,OW-07.pdf,
OW-07,660140.0,1521772.0,21.25,19.0,23.5,MSC,"Hard CLAY, trace of sand, grey, high to low plasticity (CH, CL)",Hard,,,35,,,,,,OW-07.pdf,
OW-07,660140.0,1521772.0,25.0,23.5,26.5,SS,"Very stiff silty CLAY, trace of sand, greyish brown, low plasticity (CL)",Medium Dense,,,28,,,,,,OW-07.pdf,
OW-07,660140.0,1521772.0,27.25,26.5,28.0,MSC,"Hard silty CLAY, trace of sand, greyish brown, low plasticity (CL) Very dense silty SAND / SAND with silt,",Hard,,,46,,,,,,OW-07.pdf,
OW-07,660140.0,1521772.0,33.25,28.0,38.5,MSC,"Hard silty CLAY, trace of sand, greyish brown, low plasticity (CL) Very dense silty SAND / SAND with silt, greyish brown and grey, fine to medium",Hard,,,66,,,,,,OW-07.pdf,
OW-07,660140.0,1521772.0,45.25,38.5,52.0,MSC,"Hard silty CLAY, trace to few sand, greyish brown, low plasticity (CL)",Hard,,,46,,,,,,OW-07.pdf,
OW-07,660140.0,1521772.0,53.5,52.0,55.0,SS,"Medium dense to dense SAND with silt, greyish brown, medium to coarse grained",Dense,,,37,,,,,,OW-07.pdf,
OW-07,660140.0,1521772.0,57.73,55.0,60.45,SS,"(SW-SM) Very dense silty SAND / SAND with silt, greyish brown, fine to medium grained",Very Dense,,,70,,,,,,OW-07.pdf,
OW-09,660152.0,1521798.0,1.25,0.0,2.5,MG,Ground Surface Fill Material / Top Soil,Very Soft,9.6,ST,,,,,,,OW-09.pdf,
OW-09,660152.0,1521798.0,8.5,2.5,14.5,VSC,"Very soft to soft CLAY, trace of sand, except clay with sand for ST-7, grey, high",Soft,19.0,ST,,,,,,,OW-09.pdf,
OW-09,660152.0,1521798.0,19.0,14.5,23.5,SC,"Stiff to very stiff CLAY, trace of sand, grey, high plasticity (CH)",Very Soft,9.0,ST,17,,,,,,OW-09.pdf,
OW-09,660152.0,1521798.0,24.25,23.5,25.0,MSC,"Hard CLAY, trace of sand, greyish brown, high plasticity (CH)",Hard,,,32,,,,,,OW-09.pdf,
OW-09,660152.0,1521798.0,28.0,25.0,31.0,MSC,"Hard CLAY, trace of sand, greyish brown, high plasticity (CH) Very stiff silty CLAY, greyish brown, high to low plasticity (CH, CL)",Very Stiff,,,24,,,,,,OW-09.pdf,
OW-09,660152.0,1521798.0,31.75,31.0,32.5,SS,"Very stiff sandy CLAY, greyish brown, low plasticity (CL) Very dense clayey SAND, greyish brown,",Medium Dense,,,20,,,,,,OW-09.pdf,
OW-09,660152.0,1521798.0,34.0,32.5,35.5,SS,"plasticity (CL) Very dense clayey SAND, greyish brown, medium grained (SM)",Dense,,,42,,,,,,OW-09.pdf,
OW-09,660152.0,1521798.0,36.25,35.5,37.0,MSC,"Hard CLAY, trace of sand, grey, high plasticity (CH) Very dense SAND with silt, grey, fine to",Hard,,,65,,,,,,OW-09.pdf,
OW-09,660152.0,1521798.0,37.75,37.0,38.5,MSC,"Hard CLAY, trace of sand, grey, high plasticity (CH) Very dense SAND with silt, grey, fine to medium grained (SP-SM)",Hard,,,70,,,,,,OW-09.pdf,
OW-09,660152.0,1521798.0,43.75,38.5,49.0,SS,"Very dense SAND with silt, grey, fine to medium grained (SP-SM) Hard sandy CLAY, grey, low plasticity (CL)",Dense,,,50,,,,,,OW-09.pdf,
OW-09,660152.0,1521798.0,54.73,49.0,60.45,SS,"grey, low plasticity (CL) Very dense silty SAND / SAND with silt, greyish brown and grey, fine to medium",Very Dense,,,62,,,,,,OW-09.pdf,
OW-10,660257.0,1521749.0,1.25,0.0,2.5,MG,Ground Surface Fill Material / Top Soil,,,,,,,,,,OW-10.pdf,
OW-10,660257.0,1521749.0,3.25,2.5,4.0,MG,"Clayey GRAVEL, may be fill material, grey, coarse grained (GC) Soft sandy CLAY, grey, low plasticity (CL)",Soft,19.5,ST,,,,,,,OW-10.pdf,
OW-10,660257.0,1521749.0,4.75,4.0,5.5,VSC,"Clayey GRAVEL, may be fill material, grey, coarse grained (GC) Soft sandy CLAY, grey, low plasticity (CL) Very soft to soft CLAY, trace of sand, grey,",Soft,19.5,ST,,,,,,,OW-10.pdf,
OW-10,660257.0,1521749.0,7.0,5.5,8.5,VSC,"Soft sandy CLAY, grey, low plasticity (CL) Very soft to soft CLAY, trace of sand, grey, high plasticity (CH)",Soft,15.9,ST,,,,,,,OW-10.pdf,
OW-10,660257.0,1521749.0,9.25,8.5,10.0,SOC,"Soft sandy CLAY, grey, low plasticity (CL) Soft CLAY (no recovery)",Soft,16.7,ST,,,,,,,OW-10.pdf,
OW-10,660257.0,1521749.0,10.75,10.0,11.5,SOC,"Soft sandy CLAY, grey, low plasticity (CL) Soft CLAY (no recovery) Medium stiff CLAY, grey, high plasticity (CH)",Medium,30.0,ST,,,,,,,OW-10.pdf,
OW-10,660257.0,1521749.0,12.25,11.5,13.0,SOC,"Soft CLAY (no recovery) Medium stiff CLAY, grey, high plasticity (CH) Stiff to very stiff silty CLAY, trace of sand,",Medium,30.0,ST,,,,,,,OW-10.pdf,
OW-10,660257.0,1521749.0,20.5,13.0,28.0,SC,"Medium stiff CLAY, grey, high plasticity (CH) Stiff to very stiff silty CLAY, trace of sand, brown, high to low plasticity (CH, CL)",Very Soft,12.0,ST,23,,,,,,OW-10.pdf,
OW-10,660257.0,1521749.0,30.25,28.0,32.5,MSC,"Hard silty CLAY with sand / sandy CLAY, grey, low plasticity (CL)",Hard,,,37,,,,,,OW-10.pdf,
OW-10,660257.0,1521749.0,43.0,32.5,53.5,SS,"Very dense silty SAND, grey, fine grained (SM)",Very Dense,,,63,,,,,,OW-10.pdf,
OW-10,660257.0,1521749.0,54.25,53.5,55.0,SS,"Very dense silty SAND, brown, fine grained (SM) Hard sandy CLAY, brown, low plasticity (CL)",,,,,,,,,,OW-10.pdf,
OW-10,660257.0,1521749.0,55.75,55.0,56.5,SS,"grained (SM) Hard sandy CLAY, brown, low plasticity (CL) Very dense silty SAND, brown, fine",,,,,,,,,,OW-10.pdf,
OW-10,660257.0,1521749.0,58.48,56.5,60.45,SS,"Hard sandy CLAY, brown, low plasticity (CL) Very dense silty SAND, brown, fine grained (SM)",,,,,,,,,,OW-10.pdf,
OW-11,660275.0,1521781.0,1.25,0.0,2.5,MG,Ground Surface Fill Material / Top Soil,Medium,39.8,ST,,,,,,,OW-11.pdf,
OW-11,660275.0,1521781.0,3.25,2.5,4.0,SC,"Medium stiff CLAY, trace of sand, grey, high plasticity (CH)",Medium,39.8,ST,,,,,,,OW-11.pdf,
OW-11,660275.0,1521781.0,8.5,4.0,13.0,VSC,"Medium stiff CLAY, trace of sand, grey, high plasticity (CH) Very soft to soft CLAY, trace of sand, grey, high plasticity (CH)",Very Soft,10.6,ST,,,,,,,OW-11.pdf,
OW-11,660275.0,1521781.0,13.75,13.0,14.5,SC,"Medium stiff CLAY, trace of sand, grey, high plasticity (CH) Stiff to very stiff silty CLAY, trace of sand,",Medium,25.6,ST,,,,,,,OW-11.pdf,
OW-11,660275.0,1521781.0,17.5,14.5,20.5,SC,"high plasticity (CH) Stiff to very stiff silty CLAY, trace of sand, grey and greyish brown, low plasticity (CL)",Very Soft,10.0,ST,16,,,,,,OW-11.pdf,
OW-11,660275.0,1521781.0,21.25,20.5,22.0,MSC,"Hard silty CLAY, trace of sand, greyish brown, low plasticity (CL)",Hard,,,34,,,,,,OW-11.pdf,
OW-11,660275.0,1521781.0,25.75,22.0,29.5,MSC,"Hard silty CLAY, trace of sand, greyish brown, low plasticity (CL) Very stiff silty CLAY, trace of sand, greyish brown, low plasticity (CL)",Very Stiff,,,24,,,,,,OW-11.pdf,
OW-11,660275.0,1521781.0,30.25,29.5,31.0,MSC,"Hard silty CLAY, greyish brown, low plasticity (CL) Medium dense to very dense silty SAND /",Hard,,,34,,,,,,OW-11.pdf,
OW-11,660275.0,1521781.0,34.0,31.0,37.0,SS,"plasticity (CL) Medium dense to very dense silty SAND / SAND with silt, grey, fine to medium",Dense,,,42,,,,,,OW-11.pdf,
OW-11,660275.0,1521781.0,42.25,37.0,47.5,SS,"Very stiff silty CLAY, trace of sand, grey, low plasticity (CL)",Medium Dense,,,26,,,,,,OW-11.pdf,
OW-11,660275.0,1521781.0,49.0,47.5,50.5,MSC,"Hard silty CLAY, trace to few sand, grey, low plasticity (CL)",Hard,,,62,,,,,,OW-11.pdf,
OW-11,660275.0,1521781.0,55.48,50.5,60.45,SS,"Dense to very dense silty SAND / SAND with silt, grey, fine to medium grained (SM,",Very Dense,,,51,,,,,,OW-11.pdf,
OW-12,660382.0,1521765.0,2.0,0.0,4.0,MG,Ground Surface Fill Material,Stiff,51.0,ST,,,,,,,OW-12.pdf,
OW-12,660382.0,1521765.0,4.75,4.0,5.5,VSC,"Stiff CLAY, trace of sand, grey, high plasticity (CH) Very soft to soft CLAY, trace of sand, grey,",Stiff,51.0,ST,,,,,,,OW-12.pdf,
OW-12,660382.0,1521765.0,10.0,5.5,14.5,VSC,"plasticity (CH) Very soft to soft CLAY, trace of sand, grey, high plasticity (CH)",Very Soft,10.5,ST,,,,,,,OW-12.pdf,
OW-12,660382.0,1521765.0,20.5,14.5,26.5,SC,"Stiff to very stiff silty CLAY, trace to few sand, grey and greyish brown, high to low",Very Soft,13.0,ST,23,,,,,,OW-12.pdf,
OW-12,660382.0,1521765.0,28.0,26.5,29.5,MSC,"Hard silty CLAY with sand / sandy CLAY, greyish brown, low plasticity (CL)",Hard,,,45,,,,,,OW-12.pdf,
OW-12,660382.0,1521765.0,34.0,29.5,38.5,SS,"Medium dense to very dense silty SAND / SAND with silt, greyish brown and grey,",Dense,,,37,,,,,,OW-12.pdf,
OW-12,660382.0,1521765.0,43.0,38.5,47.5,MSC,"Hard silty CLAY, trace of sand, grey, low plasticity (CL)",Hard,,,49,,,,,,OW-12.pdf,
OW-12,660382.0,1521765.0,53.98,47.5,60.45,SS,"Dense to very dense silty SAND / SAND with silt, grey and greyish brown, fine to",Very Dense,,,56,,,,,,OW-12.pdf,
OW-13,660389.0,1521730.0,1.25,0.0,2.5,MG,Ground Surface Fill Material / Top Soil,,,,,,,,,,OW-13.pdf,
OW-13,660389.0,1521730.0,3.25,2.5,4.0,SC,"Stiff CLAY, grey, high plasticity (CH) Medium stiff CLAY, grey, high plasticity (CH)",Stiff,51.7,ST,,,,,,,OW-13.pdf,
OW-13,660389.0,1521730.0,4.75,4.0,5.5,VSC,"Stiff CLAY, grey, high plasticity (CH) Medium stiff CLAY, grey, high plasticity (CH) Very soft to soft CLAY, except medium",Medium,28.0,ST,,,,,,,OW-13.pdf,
OW-13,660389.0,1521730.0,9.25,5.5,13.0,VSC,"Medium stiff CLAY, grey, high plasticity (CH) Very soft to soft CLAY, except medium stiff clay for ST-6, trace of sand, grey, high",Medium,31.9,ST,,,,,,,OW-13.pdf,
OW-13,660389.0,1521730.0,16.0,13.0,19.0,SC,"Stiff to very stiff CLAY, trace of sand, brown, high plasticity (CH)",Medium,41.5,ST,20,,,,,,OW-13.pdf,
OW-13,660389.0,1521730.0,21.25,19.0,23.5,MSC,"Hard CLAY, little sand at SS-4, brown, high plasticity (CH)",Hard,,,43,,,,,,OW-13.pdf,
OW-13,660389.0,1521730.0,25.0,23.5,26.5,SS,"Very stiff silty CLAY, little sand at SS-8, brown, low plasticity (CL)",Medium Dense,,,27,,,,,,OW-13.pdf,
OW-13,660389.0,1521730.0,28.75,26.5,31.0,MSC,"Hard silty CLAY with sand, brown, low plasticity (CL)",Hard,,,37,,,,,,OW-13.pdf,
OW-13,660389.0,1521730.0,31.75,31.0,32.5,MSC,"Hard silty sandy CLAY, brown, low plasticity (CL) Very dense silty SAND, grey, fine to",Hard,,,47,,,,,,OW-13.pdf,
OW-13,660389.0,1521730.0,40.0,32.5,47.5,MSC,"Hard silty sandy CLAY, brown, low plasticity (CL) Very dense silty SAND, grey, fine to medium grained (SM)",Hard,,,67,,,,,,OW-13.pdf,
OW-13,660389.0,1521730.0,53.98,47.5,60.45,MSC,"Hard silty CLAY with sand, sandy clay for SS-30, brown, low plasticity (CL)",Hard,,,67,,,,,,OW-13.pdf,
OW-14,660506.0,1521771.0,1.25,0.0,2.5,MG,Ground Surface Fill Material / Top Soil,Soft,22.2,ST,,,,,,,OW-14.pdf,
OW-14,660506.0,1521771.0,7.75,2.5,13.0,VSC,"Very soft to soft CLAY, trace of sand, grey, high plasticity (CH)",Soft,16.2,ST,,,,,,,OW-14.pdf,
OW-14,660506.0,1521771.0,13.75,13.0,14.5,SC,"Medium stiff CLAY, few sand, grey, high plasticity (CH) Very stiff CLAY, trace of sand, grey and",Medium,39.3,ST,,,,,,,OW-14.pdf,
OW-14,660506.0,1521771.0,16.75,14.5,19.0,SC,"Medium stiff CLAY, few sand, grey, high plasticity (CH) Very stiff CLAY, trace of sand, grey and brown, high plasticity (CH)",Medium,25.0,ST,26,,,,,,OW-14.pdf,
OW-14,660506.0,1521771.0,22.0,19.0,25.0,MSC,"Hard silty CLAY, trace to few sand, brown, high to low plasticity (CH, CL)",Hard,,,45,,,,,,OW-14.pdf,
OW-14,660506.0,1521771.0,25.75,25.0,26.5,MSC,"Stiff silty CLAY, few sand, grey, low plasticity (CL) Hard silty CLAY, trace to few sand, brown,",Stiff,,,14,,,,,,OW-14.pdf,
OW-14,660506.0,1521771.0,28.0,26.5,29.5,MSC,"Stiff silty CLAY, few sand, grey, low plasticity (CL) Hard silty CLAY, trace to few sand, brown, low plasticity (CL)",Hard,,,36,,,,,,OW-14.pdf,
OW-14,660506.0,1521771.0,34.0,29.5,38.5,SS,"Dense to very dense silty SAND / SAND with silt, grey and light brown, fine to",Dense,,,46,,,,,,OW-14.pdf,
OW-14,660506.0,1521771.0,48.25,38.5,58.0,MSC,"Hard silty CLAY, trace to few sand, brown and grey, low plasticity (CL)",Hard,,,61,,,,,,OW-14.pdf,
OW-14,660506.0,1521771.0,58.75,58.0,59.5,MSC,"Hard silty CLAY, few sand, grey, low plasticity (CL) Very dense SAND with silt, light brown,",Hard,,,40,,,,,,OW-14.pdf,
OW-14,660506.0,1521771.0,59.98,59.5,60.45,SS,"plasticity (CL) Very dense SAND with silt, light brown, fine to medium grained (SP-SM)",Dense,,,40,,,,,,OW-14.pdf,
OW-15,661252.0,1521750.0,1.25,0.0,2.5,MG,Ground Surface Fill Material / Top Soil,,,,,,,,,,OW-15.pdf,
OW-15,661252.0,1521750.0,3.25,2.5,4.0,VSC,"Sand with silt, may be fill material, grey, fine and coarse grained (SP-SM) Very soft to soft CLAY, except medium",Soft,23.3,ST,,,,,,,OW-15.pdf,
OW-15,661252.0,1521750.0,7.75,4.0,11.5,VSC,"fine and coarse grained (SP-SM) Very soft to soft CLAY, except medium stiff clay for ST-4, trace of sand, grey, high",Soft,20.2,ST,,,,,,,OW-15.pdf,
OW-15,661252.0,1521750.0,12.25,11.5,13.0,SC,"Medium stiff CLAY, few sand, grey, high plasticity (CH) Stiff to very stiff sitly CLAY, trace of sand,",Medium,25.1,ST,,,,,,,OW-15.pdf,
OW-15,661252.0,1521750.0,16.75,13.0,20.5,SC,"plasticity (CH) Stiff to very stiff sitly CLAY, trace of sand, except silty clay with sand for SS-5, grey,",Soft,15.0,ST,21,,,,,,OW-15.pdf,
OW-15,661252.0,1521750.0,21.25,20.5,22.0,MSC,"Hard silty CLAY, trace of sand, greyish brown, low plasticity (CL)",Hard,,,33,,,,,,OW-15.pdf,
OW-15,661252.0,1521750.0,23.5,22.0,25.0,MSC,"Hard silty CLAY, trace of sand, greyish brown, low plasticity (CL) Very stiff silty CLAY, trace of sand, greyish brown, low plasticity (CL)",Very Stiff,,,24,,,,,,OW-15.pdf,
OW-15,661252.0,1521750.0,26.5,25.0,28.0,MSC,"brown, low plasticity (CL) Hard silty CLAY with sand, greyish brown, low plasticity (CL)",Hard,,,36,,,,,,OW-15.pdf,
OW-15,661252.0,1521750.0,32.5,28.0,37.0,SS,"Dense to very dense silty SAND / SAND with silt, greyish brown and grey, fine to",Very Dense,,,54,,,,,,OW-15.pdf,
OW-15,661252.0,1521750.0,49.0,37.0,61.0,MSC,"Hard silty CLAY / CLAY with sand, grey, trace to few sand, except sandy clay for",Hard,,,67,,,,,,OW-15.pdf,
OW-15,661252.0,1521750.0,64.0,61.0,67.0,SS,"Very dense silty SAND / SAND with silt, grey, fine grained (SM, SP-SM)",,,,,,,,,,OW-15.pdf,
OW-15,661252.0,1521750.0,71.5,67.0,76.0,SS,"Very dense silty SAND / SAND with silt, grey, fine to medium grained (SM, SP-SM)",,,,,,,,,,OW-15.pdf,
OW-15,661252.0,1521750.0,78.0,76.0,80.0,SS,"Very dense silty SAND / SAND with silt, grey, fine grained (SM, SP-SM)",,,,,,,,,,OW-15.pdf,
OW-16,661342.0,1521674.0,1.25,0.0,2.5,MG,Ground Surface Fill Material / Top Soil,Very Soft,9.5,ST,,,,,,,OW-16.pdf,
OW-16,661342.0,1521674.0,7.75,2.5,13.0,VSC,"Very soft to soft CLAY, trace of sand, little sand for ST-8, grey, high plasticity (CH)",Soft,15.3,ST,,,,,,,OW-16.pdf,
OW-16,661342.0,1521674.0,13.75,13.0,14.5,SC,"Medium stiff CLAY, few sand, grey, high plasticity (CH) Very stiff silty CLAY, trace of sand, little",Medium,43.6,ST,,,,,,,OW-16.pdf,
OW-16,661342.0,1521674.0,20.5,14.5,26.5,SS,"plasticity (CH) Very stiff silty CLAY, trace of sand, little sand for SS-5, light greyish brown to light",Soft,18.0,ST,22,,,,,,OW-16.pdf,
OW-16,661342.0,1521674.0,27.25,26.5,28.0,MSC,"Hard silty CLAY with sand, brown, low plasticity (CL) Medium dense to dense silty SAND /",Hard,,,36,,,,,,OW-16.pdf,
OW-16,661342.0,1521674.0,32.5,28.0,37.0,SS,"plasticity (CL) Medium dense to dense silty SAND / SAND with silt, brown and light grey, fine",Dense,,,38,,,,,,OW-16.pdf,
OW-16,661342.0,1521674.0,42.25,37.0,47.5,SS,"Hard sandy CLAY, light brown, low plasticity (CL)",Dense,,,47,,,,,,OW-16.pdf,
OW-16,661342.0,1521674.0,63.75,47.5,80.0,SS,"Medium dense to very dense silty SAND / SAND with silt, light brown and light grey,",Very Dense,,,59,,,,,,OW-16.pdf,
OW-17,661405.0,1521549.0,1.25,0.0,2.5,MG,Ground Surface Fill Material / Top Soil,Medium,34.7,ST,,,,,,,OW-17.pdf,
OW-17,661405.0,1521549.0,3.25,2.5,4.0,VSC,"Medium stiff CLAY, grey, high plasticity (CH) Very soft to soft CLAY, except medium",Medium,34.7,ST,,,,,,,OW-17.pdf,
OW-17,661405.0,1521549.0,6.25,4.0,8.5,VSC,"Medium stiff CLAY, grey, high plasticity (CH) Very soft to soft CLAY, except medium stiff clay for ST-4, trace of sand, grey, high",Soft,21.2,ST,,,,,,,OW-17.pdf,
OW-17,661405.0,1521549.0,9.25,8.5,10.0,SOC,"Medium stiff CLAY with sand, grey, high plasticity (CH) Soft CLAY, trace of sand, grey, high",Medium,25.1,ST,,,,,,,OW-17.pdf,
OW-17,661405.0,1521549.0,10.75,10.0,11.5,SOC,"Medium stiff CLAY with sand, grey, high plasticity (CH) Soft CLAY, trace of sand, grey, high plasticity (CH)",Soft,16.7,ST,,,,,,,OW-17.pdf,
OW-17,661405.0,1521549.0,12.25,11.5,13.0,SOC,"Soft CLAY, trace of sand, grey, high plasticity (CH) Medium stiff CLAY, few sand, grey, high plasticity (CH)",Medium,42.4,ST,,,,,,,OW-17.pdf,
OW-17,661405.0,1521549.0,17.5,13.0,22.0,SC,"Medium stiff CLAY, few sand, grey, high plasticity (CH) Stiff to very stiff CLAY, trace to few sand,",Very Soft,14.0,ST,25,,,,,,OW-17.pdf,
OW-17,661405.0,1521549.0,22.75,22.0,23.5,MSC,"Hard CLAY, trace of sand, greyish brown, high plasticity (CH) Very stiff silty CLAY / CLAY with sand, few",Hard,,,31,,,,,,OW-17.pdf,
OW-17,661405.0,1521549.0,25.0,23.5,26.5,MSC,"Hard CLAY, trace of sand, greyish brown, high plasticity (CH) Very stiff silty CLAY / CLAY with sand, few to little sand, greyish brown, low plasticity",Very Stiff,,,22,,,,,,OW-17.pdf,
OW-17,661405.0,1521549.0,31.75,26.5,37.0,SS,"(CL) Dense to very dense silty SAND / SAND with silt, greyish brown and grey, fine to",Dense,,,48,,,,,,OW-17.pdf,
OW-17,661405.0,1521549.0,54.25,37.0,71.5,MSC,"Hard silty CLAY / CLAY with sand, greyish brown and grey, low plasticity (CL)",Hard,,,53,,,,,,OW-17.pdf,
OW-17,661405.0,1521549.0,75.75,71.5,80.0,SS,"Very dense silty SAND / SAND with silt, grey, medium grained (SM, SP-SM)",,,,,,,,,,OW-17.pdf,
OW-18,661483.0,1521507.0,1.25,0.0,2.5,MG,Ground Surface Fill Material / Top Soil,Soft,22.4,ST,,,,,,,OW-18.pdf,
OW-18,661483.0,1521507.0,7.0,2.5,11.5,VSC,"Very soft to soft CLAY, trace of sand, little sand for ST-7, grey, high plasticity (CH)",Very Soft,14.2,ST,,,,,,,OW-18.pdf,
OW-18,661483.0,1521507.0,12.25,11.5,13.0,SC,"Medium stiff CLAY, trace of sand, grey, high plasticity (CH) Stiff to very stiff silty CLAY, trace of sand,",Medium,38.6,ST,,,,,,,OW-18.pdf,
OW-18,661483.0,1521507.0,16.0,13.0,19.0,SC,"high plasticity (CH) Stiff to very stiff silty CLAY, trace of sand, little sand for SS-1, light grey and light",Soft,15.0,ST,21,,,,,,OW-18.pdf,
OW-18,661483.0,1521507.0,19.75,19.0,20.5,MSC,"Stiff silty CLAY with sand, light brown, low plasticity (CL) Hard silty CLAY, trace of sand, light brown,",Stiff,,,9,,,,,,OW-18.pdf,
OW-18,661483.0,1521507.0,21.25,20.5,22.0,MSC,"plasticity (CL) Hard silty CLAY, trace of sand, light brown, low plasticity (CL)",Hard,,,31,,,,,,OW-18.pdf,
OW-18,661483.0,1521507.0,24.25,22.0,26.5,MSC,"Hard silty CLAY, trace of sand, light brown, low plasticity (CL) Very stiff silty CLAY, trace to few sand, brown, high to low plasticity (CH, CL)",Very Stiff,,,25,,,,,,OW-18.pdf,
OW-18,661483.0,1521507.0,29.5,26.5,32.5,SS,"Medium dense to dense silty SAND, brown, fine to medium grained (SM)",Dense,,,38,,,,,,OW-18.pdf,
OW-18,661483.0,1521507.0,33.25,32.5,34.0,SS,"Hard sandy CLAY, light brown, low plasticity (CL) Dense silty SAND / SAND with silt, brown",Dense,,,38,,,,,,OW-18.pdf,
OW-18,661483.0,1521507.0,35.5,34.0,37.0,SS,"plasticity (CL) Dense silty SAND / SAND with silt, brown and light grey, fine to medium grained",Dense,,,40,,,,,,OW-18.pdf,
OW-18,661483.0,1521507.0,42.25,37.0,47.5,SS,"(SM, SP-SM) Very stiff silty CLAY with sand, light brown, low plasticity (CL)",Medium Dense,,,30,,,,,,OW-18.pdf,
OW-18,661483.0,1521507.0,49.75,47.5,52.0,SS,"Very dense silty SAND, light brown to brown, fine grained (SM)",Very Dense,,,70,,,,,,OW-18.pdf,
OW-18,661483.0,1521507.0,66.0,52.0,80.0,SS,"Very dense silty SAND / SAND with silt, light brown to brown and light grey, fine to",Very Dense,,,65,,,,,,OW-18.pdf,
OW-19,661497.0,1521452.0,1.25,0.0,2.5,MG,Ground Surface Fill Material / Top Soil,Medium,46.4,ST,,,,,,,OW-19.pdf,
OW-19,661497.0,1521452.0,3.25,2.5,4.0,SC,"Medium stiff CLAY, trace of sand, grey, high plasticity (CH)",Medium,46.4,ST,,,,,,,OW-19.pdf,
OW-19,661497.0,1521452.0,7.75,4.0,11.5,SOC,"Medium stiff CLAY, trace of sand, grey, high plasticity (CH) Soft CLAY, except medium stiff clay for ST-4, trace of sand, grey, high plasticity",Soft,20.2,ST,,,,,,,OW-19.pdf,
OW-19,661497.0,1521452.0,12.25,11.5,13.0,SC,"Medium stiff CLAY, few sand, grey, high plasticity (CH) Stiff to very stiff silty CLAY, trace of sand,",Medium,32.6,ST,,,,,,,OW-19.pdf,
OW-19,661497.0,1521452.0,19.75,13.0,26.5,SC,"plasticity (CH) Stiff to very stiff silty CLAY, trace of sand, except few sand for SS-9, greyish brown",Soft,18.0,ST,24,,,,,,OW-19.pdf,
OW-19,661497.0,1521452.0,31.75,26.5,37.0,SS,"Medium dense to dense silty SAND / SAND with silt, greyish brown and grey,",Medium Dense,,,30,,,,,,OW-19.pdf,
OW-19,661497.0,1521452.0,42.25,37.0,47.5,MSC,"Hard silty CLAY with sand / sandy CLAY, grey and greyish brown, low plasticity (CL)",Hard,,,44,,,,,,OW-19.pdf,
OW-19,661497.0,1521452.0,63.75,47.5,80.0,SS,"Very dense silty SAND / SAND with silt, greyish brown and grey, fine to medium",,,,,,,,,,OW-19.pdf,
OW-20,661604.0,1521499.0,1.25,0.0,2.5,MG,Ground Surface Fill Material / Top Soil,,,,,,,,,,OW-20.pdf,
OW-20,661604.0,1521499.0,8.5,2.5,14.5,VSC,"Very soft CLAY, trace of sand, few sand for ST-9, grey, high plasticity (CH)",Soft,18.4,ST,,,,,,,OW-20.pdf,
OW-20,661604.0,1521499.0,18.25,14.5,22.0,SC,"Stiff to very stiff silty CLAY, trace of sand, light grey and light brown, high to low",Soft,15.0,ST,25,,,,,,OW-20.pdf,
OW-20,661604.0,1521499.0,22.75,22.0,23.5,MSC,"Hard silty CLAY, trace of sand, light greyish brown, low plasticity (CL) Very stiff silty CLAY, trace of sand, light",Hard,,,32,,,,,,OW-20.pdf,
OW-20,661604.0,1521499.0,24.25,23.5,25.0,SS,"greyish brown, low plasticity (CL) Very stiff silty CLAY, trace of sand, light greyish brown, low plasticity (CL)",Medium Dense,,,19,,,,,,OW-20.pdf,
OW-20,661604.0,1521499.0,26.5,25.0,28.0,MSC,"Very stiff silty CLAY, trace of sand, light greyish brown, low plasticity (CL) Hard silty CLAY, few sand for SS-8, little sand for SS-9, brown, low plasticity (CL)",Hard,,,45,,,,,,OW-20.pdf,
OW-20,661604.0,1521499.0,32.5,28.0,37.0,SS,"sand for SS-9, brown, low plasticity (CL) Dense to very dense silty SAND / SAND with silt, light brown and light grey, fine to",Dense,,,49,,,,,,OW-20.pdf,
OW-20,661604.0,1521499.0,44.5,37.0,52.0,MSC,"Hard silty CLAY with sand, light brown to brown, low plasticity (CL)",Hard,,,60,,,,,,OW-20.pdf,
OW-20,661604.0,1521499.0,66.0,52.0,80.0,SS,"Very dense silty SAND / SAND with silt, light brown and light grey, fine to medium",Very Dense,,,58,,,,,,OW-20.pdf,
OW-20-1,661852.0,1521404.0,1.25,0.0,2.5,MG,Ground Surface Fill Material / Top Soil,Very Soft,9.8,ST,,,,,,,OW-20_1.pdf,
OW-20-1,661852.0,1521404.0,7.0,2.5,11.5,VSC,"Very soft to soft CLAY, trace of sand, grey, high plasticity (CH)",Soft,16.9,ST,,,,,,,OW-20_1.pdf,
OW-20-1,661852.0,1521404.0,13.0,11.5,14.5,SC,"Medium stiff CLAY, trace of sand, grey, high plasticity (CH)",Medium,35.6,ST,,,,,,,OW-20_1.pdf,
OW-20-1,661852.0,1521404.0,16.0,14.5,17.5,SC,"Very stiff CLAY, trace of sand, grey, high plasticity (CH)",Soft,18.0,ST,23,,,,,,OW-20_1.pdf,
OW-20-1,661852.0,1521404.0,19.75,17.5,22.0,MSC,"Hard CLAY, trace to few sand, grey and greyish brown, high plasticity (CH)",Hard,,,35,,,,,,OW-20_1.pdf,
OW-20-1,661852.0,1521404.0,23.5,22.0,25.0,SS,"Very stiff silty CLAY, trace of sand, greyish brown, low plasticity (CL)",Medium Dense,,,27,,,,,,OW-20_1.pdf,
OW-20-1,661852.0,1521404.0,31.0,25.0,37.0,SS,"Dense to very dense silty SAND / SAND with silt, greyish brown and grey, fine to",Very Dense,,,53,,,,,,OW-20_1.pdf,
OW-20-1,661852.0,1521404.0,48.5,37.0,60.0,MSC,"Hard silty CLAY, trace of sand, greyish brown to brown, high to low plasticity (CH,",Hard,,,56,,,,,,OW-20_1.pdf,
OW-20-1,661852.0,1521404.0,60.23,60.0,60.45,MG,End of Borehole,,,,,,,,,,OW-20_1.pdf,
OW-21,662124.0,1521404.0,0.5,0.0,1.0,SOC,"Ground Surface Fill Material / Top Soil Soft CLAY, trace of sand, grey, high",,,,,,,,,,OW-21.pdf,
OW-21,662124.0,1521404.0,4.0,1.0,7.0,SOC,"Fill Material / Top Soil Soft CLAY, trace of sand, grey, high plasticity (CH)",Soft,20.6,ST,,,,,,,OW-21.pdf,
OW-21,662124.0,1521404.0,7.75,7.0,8.5,SOC,"Medium stiff CLAY, trace of sand, grey, high plasticity (CH) Soft CLAY, trace of sand, grey, high",Medium,30.6,ST,,,,,,,OW-21.pdf,
OW-21,662124.0,1521404.0,9.25,8.5,10.0,SOC,"high plasticity (CH) Soft CLAY, trace of sand, grey, high plasticity (CH)",Soft,23.1,ST,,,,,,,OW-21.pdf,
OW-21,662124.0,1521404.0,10.75,10.0,11.5,SOC,"Soft CLAY, trace of sand, grey, high plasticity (CH) Medium stiff CLAY, grey, high plasticity (CH) Stiff to very stiff silty CLAY, trace of sand,",Medium,31.7,ST,,,,,,,OW-21.pdf,
OW-21,662124.0,1521404.0,19.0,11.5,26.5,SC,"Medium stiff CLAY, grey, high plasticity (CH) Stiff to very stiff silty CLAY, trace of sand, except very stiff silty clay with sand for",Medium,46.1,ST,22,,,,,,OW-21.pdf,
OW-21,662124.0,1521404.0,28.0,26.5,29.5,MSC,"Hard silty CLAY with sand, light brown, low plasticity (CL)",Hard,,,42,,,,,,OW-21.pdf,
OW-21,662124.0,1521404.0,33.25,29.5,37.0,SS,"Dense to very dense silty SAND, light brown and light grey, fine to medium",Very Dense,,,51,,,,,,OW-21.pdf,
OW-21,662124.0,1521404.0,42.25,37.0,47.5,MSC,"Hard silty CLAY with sand, light grey and light brown, low plasticity (CL)",Hard,,,46,,,,,,OW-21.pdf,
OW-21,662124.0,1521404.0,48.75,47.5,50.0,SS,"Very desne silty SAND, light greyish light brown, fine grained (SM)",,,,,,,,,,OW-21.pdf,
OW-21,662124.0,1521404.0,50.23,50.0,50.45,MG,"brown, fine grained (SM) End of Borehole",,,,,,,,,,OW-21.pdf,
OW-22,662310.0,1521366.0,1.25,0.0,2.5,MG,Ground Surface Fill Material / Top Soil,Soft,24.2,ST,,,,,,,OW-22.pdf,
OW-22,662310.0,1521366.0,7.0,2.5,11.5,VSC,"Very soft to soft CLAY, except medium stiff clay for ST-2, trace of sand, grey, high",Soft,17.6,ST,,,,,,,OW-22.pdf,
OW-22,662310.0,1521366.0,12.25,11.5,13.0,SC,"Medium stiff CLAY, grey, high plasticity (CH) Stiff to very stiff CLAY, few sand, grey and",Medium,39.1,ST,,,,,,,OW-22.pdf,
OW-22,662310.0,1521366.0,16.0,13.0,19.0,SC,"Medium stiff CLAY, grey, high plasticity (CH) Stiff to very stiff CLAY, few sand, grey and greyish brown, high plasticity (CH)",Soft,18.0,ST,24,,,,,,OW-22.pdf,
OW-22,662310.0,1521366.0,19.75,19.0,20.5,MSC,"Hard CLAY, trace of sand, grey, high plasticity (CH) Very stiff sandy CLAY, greyish brown, low",Hard,,,55,,,,,,OW-22.pdf,
OW-22,662310.0,1521366.0,21.25,20.5,22.0,SS,"plasticity (CH) Very stiff sandy CLAY, greyish brown, low plasticity (CL)",Medium Dense,,,24,,,,,,OW-22.pdf,
OW-22,662310.0,1521366.0,25.0,22.0,28.0,SS,"Very stiff sandy CLAY, greyish brown, low plasticity (CL) Very stiff silty CLAY, trace of sand, brown, low plasticity (CL)",Medium Dense,,,22,,,,,,OW-22.pdf,
OW-22,662310.0,1521366.0,33.25,28.0,38.5,SS,"Dense to very dense silty SAND / SAND with silt, brown and grey, fine to medium",Very Dense,,,57,,,,,,OW-22.pdf,
OW-22,662310.0,1521366.0,52.0,38.5,65.5,MSC,"Hard CLAY, trace of sand, greyish brown, high plasticity (CH)",Hard,,,60,,,,,,OW-22.pdf,
OW-22,662310.0,1521366.0,66.25,65.5,67.0,MSC,"Hard silty CLAY, little sand, grey, low plasticity (CL)",,,,,,,,,,OW-22.pdf,
OW-22,662310.0,1521366.0,70.0,67.0,73.0,MSC,"Hard silty CLAY, little sand, grey, low plasticity (CL) Very dense silty SAND, grey, fine to medium grained (SM)",,,,,,,,,,OW-22.pdf,
OW-22,662310.0,1521366.0,75.25,73.0,77.5,SS,"Very dense silty SAND, grey, fine grained (SM)",,,,,,,,,,OW-22.pdf,
OW-22,662310.0,1521366.0,78.75,77.5,80.0,SS,"Very dense silty SAND, grey, fine to medium grained (SM)",,,,,,,,,,OW-22.pdf,
OW-23,662438.0,1521341.0,1.25,0.0,2.5,MG,Ground Surface Fill Material / Top Soil,Soft,19.4,ST,,,,,,,OW-23.pdf,
OW-23,662438.0,1521341.0,3.25,2.5,4.0,VSC,"Soft sandy CLAY, grey, high plasticity (CH) Very soft to soft CLAY, trace of sand, grey,",Soft,19.4,ST,,,,,,,OW-23.pdf,
OW-23,662438.0,1521341.0,6.25,4.0,8.5,VSC,"Soft sandy CLAY, grey, high plasticity (CH) Very soft to soft CLAY, trace of sand, grey, high plasticity (CH)",Soft,15.4,ST,,,,,,,OW-23.pdf,
OW-23,662438.0,1521341.0,10.75,8.5,13.0,SC,"Medium stiff CLAY, trace of sand, except clay with sand for ST-7, grey, high",Medium,36.6,ST,,,,,,,OW-23.pdf,
OW-23,662438.0,1521341.0,13.75,13.0,14.5,SOC,"Soft CLAY, trace of sand, grey, high plasticity (CH) Stiff to very stiff CLAY, trace to few sand,",Soft,17.0,ST,,,,,,,OW-23.pdf,
OW-23,662438.0,1521341.0,17.5,14.5,20.5,SC,"plasticity (CH) Stiff to very stiff CLAY, trace to few sand, grey and light brown, high plasticity (CH)",Soft,20.0,ST,20,,,,,,OW-23.pdf,
OW-23,662438.0,1521341.0,22.0,20.5,23.5,SS,"Medium dense clayey SAND, light brown, high plasticity (CH)",Medium Dense,,,27,,,,,,OW-23.pdf,
OW-23,662438.0,1521341.0,25.0,23.5,26.5,SC,"Very stiff CLAY, trace to few sand, light brown, high plasticity (CH)",Very Stiff,,,26,,,,,,OW-23.pdf,
OW-23,662438.0,1521341.0,28.75,26.5,31.0,MSC,"Hard silty CLAY / CLAY with sand, brown and light grey, high to low plasticity (CH,",Hard,,,41,,,,,,OW-23.pdf,
OW-23,662438.0,1521341.0,34.0,31.0,37.0,SS,"Medium dense to very dense silty SAND / SAND with silt, light grey to grey, fine to",Dense,,,50,,,,,,OW-23.pdf,
OW-23,662438.0,1521341.0,58.5,37.0,80.0,MSC,"Hard silty CLAY, few sand, brown, low plasticity (CL)",Hard,,,66,,,,,,OW-23.pdf,
OW-24,662509.0,1521326.0,1.25,0.0,2.5,MG,Ground Surface Fill Material / Top Soil,,,,,,,,,,OW-24.pdf,
OW-24,662509.0,1521326.0,3.25,2.5,4.0,SC,"Medium stiff CLAY, trace of sand, grey, high plasticity (CH)",Medium,46.3,ST,,,,,,,OW-24.pdf,
OW-24,662509.0,1521326.0,7.0,4.0,10.0,VSC,"Medium stiff CLAY, trace of sand, grey, high plasticity (CH) Very soft to soft CLAY, trace of sand, grey, high plasticity (CH)",Soft,16.8,ST,,,,,,,OW-24.pdf,
OW-24,662509.0,1521326.0,10.75,10.0,11.5,VSC,"Medium stiff CLAY, trace of sand, grey, high plasticity (CH) Very soft CLAY, trace of sand, grey, high",Medium,27.7,ST,,,,,,,OW-24.pdf,
OW-24,662509.0,1521326.0,12.25,11.5,13.0,VSC,"Medium stiff CLAY, trace of sand, grey, high plasticity (CH) Very soft CLAY, trace of sand, grey, high plasticity (CH)",Very Soft,6.6,ST,,,,,,,OW-24.pdf,
OW-24,662509.0,1521326.0,15.25,13.0,17.5,VSC,"Very soft CLAY, trace of sand, grey, high plasticity (CH) Very stiff CLAY, trace of sand, brown, high plasticity (CH)",Soft,21.0,ST,28,,,,,,OW-24.pdf,
OW-24,662509.0,1521326.0,18.25,17.5,19.0,MSC,"Hard CLAY, trace of sand, brown, high plasticity (CH)",Hard,,,32,,,,,,OW-24.pdf,
OW-24,662509.0,1521326.0,20.5,19.0,22.0,MSC,"Hard CLAY, trace of sand, brown, high plasticity (CH) Very stiff CLAY, trace of sand, brown, high plasticity (CH)",Very Stiff,,,19,,,,,,OW-24.pdf,
OW-24,662509.0,1521326.0,23.5,22.0,25.0,MSC,"plasticity (CH) Hard CLAY, trace of sand, brown, high plasticity (CH)",Hard,,,43,,,,,,OW-24.pdf,
OW-24,662509.0,1521326.0,26.5,25.0,28.0,SS,"Very stiff silty CLAY, trace of sand, brown, high plasticity (CH)",Medium Dense,,,26,,,,,,OW-24.pdf,
OW-24,662509.0,1521326.0,29.5,28.0,31.0,MSC,"Hard silty CLAY with sand, brown, low plasticity (CL)",Hard,,,66,,,,,,OW-24.pdf,
OW-24,662509.0,1521326.0,55.5,31.0,80.0,SS,"Very dense silty SAND / SAND with silt, brown and grey, fine to medium grained",Very Dense,,,60,,,,,,OW-24.pdf,
OW-25,662637.0,1521305.0,1.25,0.0,2.5,MG,Ground Surface Fill Material / Top Soil,,,,,,,,,,OW-25.pdf,
OW-25,662637.0,1521305.0,4.0,2.5,5.5,VSC,"Very soft CLAY, trace of sand, grey, high plasticity (CH)",Very Soft,12.9,ST,,,,,,,OW-25.pdf,
OW-25,662637.0,1521305.0,6.25,5.5,7.0,SC,"Medium stiff CLAY, trace of sand, grey, high plasticity (CH)",Medium,31.0,ST,,,,,,,OW-25.pdf,
OW-25,662637.0,1521305.0,9.25,7.0,11.5,VSC,"Medium stiff CLAY, trace of sand, grey, high plasticity (CH) Very soft to soft CLAY, trace to fow sand, grey, high plasticity (CH)",Soft,21.4,ST,,,,,,,OW-25.pdf,
OW-25,662637.0,1521305.0,12.25,11.5,13.0,SC,"Medium stiff CLAY, grey, high plasticity (CH) Very stiff CLAY, trace to few sand, grey",Medium,32.8,ST,,,,,,,OW-25.pdf,
OW-25,662637.0,1521305.0,14.5,13.0,16.0,SC,"Medium stiff CLAY, grey, high plasticity (CH) Very stiff CLAY, trace to few sand, grey and brown, high plasticity (CH)",Soft,17.0,ST,19,,,,,,OW-25.pdf,
OW-25,662637.0,1521305.0,19.0,16.0,22.0,MSC,"Hard CLAY, trace of sand, brown, high plasticity (CH)",Hard,,,36,,,,,,OW-25.pdf,
OW-25,662637.0,1521305.0,25.0,22.0,28.0,SC,"Very stiff CLAY, trace of sand, grey, low plasticity (CL)",Very Stiff,,,24,,,,,,OW-25.pdf,
OW-25,662637.0,1521305.0,28.75,28.0,29.5,SS,"Very dense clayey SAND, grey, fine to medium grained (SC) Hard sandy CLAY, grey, low plasticity (CL)",Medium Dense,,,23,,,,,,OW-25.pdf,
OW-25,662637.0,1521305.0,29.75,29.5,30.0,SS,"Very dense clayey SAND, grey, fine to medium grained (SC) Hard sandy CLAY, grey, low plasticity (CL) Very dense silty SAND, grey, fine to",,,,,,,,,,OW-25.pdf,
OW-25,662637.0,1521305.0,32.75,30.0,35.5,SS,"Hard sandy CLAY, grey, low plasticity (CL) Very dense silty SAND, grey, fine to medium grained (SM)",Very Dense,,,56,,,,,,OW-25.pdf,
OW-25,662637.0,1521305.0,37.0,35.5,38.5,MSC,"Hard silty CLAY with sand, grey, low plasticity (CL)",Hard,,,58,,,,,,OW-25.pdf,
OW-25,662637.0,1521305.0,49.0,38.5,59.5,SS,"Dense to very dense silty SAND / SAND with silt, brown and grey, fine to medium grained (SM, SW-SM, SP-SM)",Dense,,,50,,,,,,OW-25.pdf,
OW-25,662637.0,1521305.0,69.75,59.5,80.0,MSC,"Hard silty CLAY / CLAY with sand, trace of sand, little sand for SS-37 and SS-45, grey",Hard,,,58,,,,,,OW-25.pdf,
OW-26,662795.0,1521313.0,1.25,0.0,2.5,MG,Ground Surface Fill Material / Top Soil,Very Soft,13.9,ST,,,,,,,OW-26.pdf,
OW-26,662795.0,1521313.0,5.5,2.5,8.5,VSC,"Very soft to soft CLAY, trace to few sand, grey, high plasticity (CH)",Very Soft,13.7,ST,,,,,,,OW-26.pdf,
OW-26,662795.0,1521313.0,9.25,8.5,10.0,SOC,"Medium stiff CLAY, few sand, grey, high plasticity (CH) Soft CLAY, trace of sand, grey, high",Medium,27.6,ST,,,,,,,OW-26.pdf,
OW-26,662795.0,1521313.0,10.75,10.0,11.5,SOC,"plasticity (CH) Soft CLAY, trace of sand, grey, high plasticity (CH)",Soft,22.7,ST,,,,,,,OW-26.pdf,
OW-26,662795.0,1521313.0,13.0,11.5,14.5,SOC,"Soft CLAY, trace of sand, grey, high plasticity (CH) Medium stiff silty CLAY, trace of sand for ST-8, little sand for ST-9, light grey to grey,",Medium,35.4,ST,,,,,,,OW-26.pdf,
OW-26,662795.0,1521313.0,19.0,14.5,23.5,SC,"ST-8, little sand for ST-9, light grey to grey, high to low plasticity (CH, CL) Stiff to very stiff silty CLAY, trace to few sand, light brown and light grey, high to",Soft,19.0,ST,21,,,,,,OW-26.pdf,
OW-26,662795.0,1521313.0,24.25,23.5,25.0,SS,"Very stiff sandy CLAY, brown, low plasticity (CL) Medium dense to very dense silty SAND,",Medium Dense,,,27,,,,,,OW-26.pdf,
OW-26,662795.0,1521313.0,31.0,25.0,37.0,SS,"plasticity (CL) Medium dense to very dense silty SAND, light grey and light brown to brown, fine to",Dense,,,46,,,,,,OW-26.pdf,
OW-26,662795.0,1521313.0,43.0,37.0,49.0,MSC,"Hard silty CLAY, few sand, light brown, low plasticity (CL)",Hard,,,50,,,,,,OW-26.pdf,
OW-26,662795.0,1521313.0,50.5,49.0,52.0,MSC,"Hard CLAY, trace of sand, light brownish light grey, high plasticity (CH)",Hard,,,46,,,,,,OW-26.pdf,
OW-26,662795.0,1521313.0,52.75,52.0,53.5,SS,"Dense clayey SAND, light brownish light grey, medium grained (SC) Very dense silty SAND, light grey, fine to",Dense,,,41,,,,,,OW-26.pdf,
OW-26,662795.0,1521313.0,54.25,53.5,55.0,SS,"Dense clayey SAND, light brownish light grey, medium grained (SC) Very dense silty SAND, light grey, fine to medium grained (SM)",Very Dense,,,57,,,,,,OW-26.pdf,
OW-26,662795.0,1521313.0,56.5,55.0,58.0,SS,"Very dense silty SAND, light grey, fine to medium grained (SM) Hard sandy CLAY, light brown, high to low plasticity (CH, CL)",Very Dense,,,56,,,,,,OW-26.pdf,
OW-26,662795.0,1521313.0,59.23,58.0,60.45,SS,"Very dense silty SAND, light grey, fine to medium grained (SM)",Very Dense,,,56,,,,,,OW-26.pdf,
OW-27,663230.0,1521315.0,1.25,0.0,2.5,MG,Ground Surface Fill Material / Top Soil,Very Soft,14.3,ST,,,,,,,OW-27.pdf,
OW-27,663230.0,1521315.0,5.5,2.5,8.5,VSC,"Very soft to soft CLAY, trace to few sand, grey, high plsdticity (CH)",Soft,18.5,ST,,,,,,,OW-27.pdf,
OW-27,663230.0,1521315.0,9.25,8.5,10.0,SOC,"Medium stiff CLAY, trace of sand, grey, high plasticity (CH) Soft CLAY, trace of sand, grey, high",Medium,28.6,ST,,,,,,,OW-27.pdf,
OW-27,663230.0,1521315.0,11.5,10.0,13.0,SOC,"Medium stiff CLAY, trace of sand, grey, high plasticity (CH) Soft CLAY, trace of sand, grey, high plasticity (CH)",Soft,20.9,ST,,,,,,,OW-27.pdf,
OW-27,663230.0,1521315.0,15.25,13.0,17.5,SC,"Stiff to very stiff silty CLAY, trace to few sand, grey and greyish brown, high to low",Very Soft,10.0,ST,21,,,,,,OW-27.pdf,
OW-27,663230.0,1521315.0,20.5,17.5,23.5,MSC,"Hard silty CLAY with sand / sandy CLAY, grey, high to low plasticity (CH, CL)",Hard,,,40,,,,,,OW-27.pdf,
OW-27,663230.0,1521315.0,31.0,23.5,38.5,SS,"Very dense silty SAND / SAND with silt, greyish brown, fine to medium grained",Very Dense,,,62,,,,,,OW-27.pdf,
OW-27,663230.0,1521315.0,55.75,38.5,73.0,MSC,"Hard silty CLAY with sand, greyish brown, low plasticity (CL)",Hard,,,59,,,,,,OW-27.pdf,
OW-27,663230.0,1521315.0,76.5,73.0,80.0,MSC,"Hard silty CLAY, trace of sand, greyish brown, low plasticity (CL)",Hard,,,59,,,,,,OW-27.pdf,
OW-27-1,663221.0,1521276.0,15.0,0.0,30.0,MG,Ground Surface Wash out,,,,,,,,,,OW-27_1.pdf,
OW-27-1,663221.0,1521276.0,33.5,30.0,37.0,SS,"Dense to very dense SAND, brown and light grey to grey, fine to medium grained",,,,,,,,,,OW-27_1.pdf,
OW-27-1,663221.0,1521276.0,38.5,37.0,40.0,MSC,"Hard CLAY, light brown, high plasticity",Hard,,,64,,,,,,OW-27_1.pdf,
OW-27-1,663221.0,1521276.0,45.0,40.0,50.0,SS,"Very dense SAND, brown, fine to medium grained",Very Dense,,,68,,,,,,OW-27_1.pdf,
OW-28,663288.0,1521293.0,1.25,0.0,2.5,MG,Ground Surface Fill Material / Top Soil,Soft,21.2,ST,,,,,,,OW-28.pdf,
OW-28,663288.0,1521293.0,6.25,2.5,10.0,VSC,"Very soft to soft CLAY, trace to few sand, grey, high plasticity (CH)",Soft,19.3,ST,,,,,,,OW-28.pdf,
OW-28,663288.0,1521293.0,11.5,10.0,13.0,SC,"Medium stiff CLAY, grey, high plasticity (CH)",Medium,34.2,ST,,,,,,,OW-28.pdf,
OW-28,663288.0,1521293.0,17.5,13.0,22.0,SC,"Stiff to very stiff silty CLAY, trace to few sand, except clay with sand for SS-5,",Soft,24.0,ST,24,,,,,,OW-28.pdf,
OW-28,663288.0,1521293.0,30.25,22.0,38.5,SS,"Dense to very dense silty SAND / SAND with silt, greyish brown to brown and grey,",Dense,,,49,,,,,,OW-28.pdf,
OW-28,663288.0,1521293.0,54.25,38.5,70.0,MSC,"Hard silty CLAY, few sand, light brown, low plasticity (CL)",Hard,,,53,,,,,,OW-28.pdf,
OW-28,663288.0,1521293.0,75.0,70.0,80.0,MSC,"Hard silty CLAY, trace of sand, light grey and light brown to brown, high to low",Hard,,,74,,,,,,OW-28.pdf,
OW-28-1,663301.0,1521315.0,15.0,0.0,30.0,MG,Ground Surface Wash out,,,,,,,,,,OW-28_1.pdf,
OW-28-1,663301.0,1521315.0,33.5,30.0,37.0,SS,"Dense to very dense SAND, greyish brown and grey, medium grained",,,,,,,,,,OW-28_1.pdf,
OW-28-1,663301.0,1521315.0,43.5,37.0,50.0,SS,"Very dense SAND, greyish brown to brown, fine grained",Very Dense,,,70,,,,,,OW-28_1.pdf,
OW-29,663321.0,1521316.0,1.25,0.0,2.5,MG,Ground Surface Fill Material / Top Soil,Soft,17.2,ST,,,,,,,OW-29.pdf,
OW-29,663321.0,1521316.0,6.25,2.5,10.0,SOC,"Soft CLAY, trace to few sand, grey, high plasticity (CH)",Soft,23.9,ST,,,,,,,OW-29.pdf,
OW-29,663321.0,1521316.0,11.5,10.0,13.0,SC,"Medium stiff CLAY, trace of sand, grey, high plasticity (CH)",Medium,37.3,ST,,,,,,,OW-29.pdf,
OW-29,663321.0,1521316.0,16.0,13.0,19.0,SS,"Very stiff silty CLAY, trace to few sand, greyish brown, high to low plasticity (CH,",Soft,16.0,ST,24,,,,,,OW-29.pdf,
OW-29,663321.0,1521316.0,19.75,19.0,20.5,SS,"Hard sandy CLAY, greyish brown, low plasticity (CL) Very stiff sandy CLAY, greyish brown, low",Dense,,,40,,,,,,OW-29.pdf,
OW-29,663321.0,1521316.0,21.25,20.5,22.0,SS,"plasticity (CL) Very stiff sandy CLAY, greyish brown, low plasticity (CL)",Medium Dense,,,27,,,,,,OW-29.pdf,
OW-29,663321.0,1521316.0,22.75,22.0,23.5,SS,"Very stiff sandy CLAY, greyish brown, low plasticity (CL) Hard sandy CLAY, greyish brown, low plasticity (CL)",Very Dense,,,57,,,,,,OW-29.pdf,
OW-29,663321.0,1521316.0,31.0,23.5,38.5,SS,"Hard sandy CLAY, greyish brown, low plasticity (CL) Very dense silty SAND / SAND with silt,",Very Dense,,,54,,,,,,OW-29.pdf,
OW-29,663321.0,1521316.0,56.5,38.5,74.5,SS,"Hard sandy CLAY, grey, low plasticity (CL)",Very Dense,,,70,,,,,,OW-29.pdf,
OW-29,663321.0,1521316.0,77.25,74.5,80.0,MSC,"Hard silty CLAY / CLAY with sand, few to little sand, greyish brown, low plasticity",,,,,,,,,,OW-29.pdf,
OW-29-1,663328.0,1521296.0,15.0,0.0,30.0,MG,Ground Surface Wash out,,,,,,,,,,OW-29_1.pdf,
OW-29-1,663328.0,1521296.0,40.0,30.0,50.0,SS,"Medium dense to very dense SAND, ligt grey to grey and light brown to brown, fine",Dense,,,48,,,,,,OW-29_1.pdf,
OW-29-2,663353.0,1521313.0,15.0,0.0,30.0,MG,Ground Surface Wash out,Hard,,,51,,,,,,OW-29_2.pdf,
OW-29-2,663353.0,1521313.0,33.5,30.0,37.0,SS,"Dense to very dense SAND, light brown and grey, fine to medium grained",,,,,,,,,,OW-29_2.pdf,
OW-29-2,663353.0,1521313.0,38.5,37.0,40.0,MSC,"Hard CLAY, greyish brown, medium to high plasticity",Hard,,,55,,,,,,OW-29_2.pdf,
OW-29-2,663353.0,1521313.0,42.25,40.0,44.5,SS,"Dense to very dense SAND, greyish brown and grey, fine grained",,,,,,,,,,OW-29_2.pdf,
OW-29-2,663353.0,1521313.0,47.25,44.5,50.0,SS,"Dense to very dense SAND, grey, fine to medium grained",Very Dense,,,58,,,,,,OW-29_2.pdf,
OW-30,663402.0,1521314.0,1.25,0.0,2.5,MG,Ground Surface Fill Material / Top Soil,Soft,16.4,ST,,,,,,,OW-30.pdf,
OW-30,663402.0,1521314.0,7.75,2.5,13.0,VSC,"Very soft to soft CLAY, trace to few sand, grey, high plasticity (CH)",Soft,16.6,ST,,,,,,,OW-30.pdf,
OW-30,663402.0,1521314.0,14.5,13.0,16.0,SC,"Medium stiff CLAY, trace of sand, grey and greyish brown, high plasticity (CH)",Medium,46.6,ST,,,,,,,OW-30.pdf,
OW-30,663402.0,1521314.0,17.5,16.0,19.0,SC,"Stiff to very stiff CLAY, trace of sand, greyish brown and grey, high plasticity (CH)",Medium,27.0,ST,28,,,,,,OW-30.pdf,
OW-30,663402.0,1521314.0,19.75,19.0,20.5,SS,"Very stiff sandy CLAY, greyish brown, low plasticity (CL) Medium dense to very dense silty SAND /",Medium Dense,,,30,,,,,,OW-30.pdf,
OW-30,663402.0,1521314.0,28.75,20.5,37.0,SS,"Very stiff sandy CLAY, greyish brown, low plasticity (CL) Medium dense to very dense silty SAND / SAND with silt, grey, fine to medium",Very Dense,,,54,,,,,,OW-30.pdf,
OW-30,663402.0,1521314.0,56.5,37.0,76.0,MSC,"Hard silty CLAY with sand / sandy CLAY, grey, low plasticity (CL)",Hard,,,55,,,,,,OW-30.pdf,
OW-30,663402.0,1521314.0,78.0,76.0,80.0,MSC,"Hard silty CLAY with sand, greyish brown, low plasticity (CL)",,,,,,,,,,OW-30.pdf,
OW-30-1,663464.0,1521298.0,15.0,0.0,30.0,MG,Ground Surface Wash out,,,,,,,,,,OW-30_1.pdf,
OW-30-1,663464.0,1521298.0,31.25,30.0,32.5,MSC,"Hard CLAY, light brown, high plasticity",,,,,,,,,,OW-30_1.pdf,
OW-30-1,663464.0,1521298.0,34.75,32.5,37.0,SS,"Dense SAND, grey, fine grained",,,,,,,,,,OW-30_1.pdf,
OW-30-1,663464.0,1521298.0,38.5,37.0,40.0,MSC,"Hard CLAY, light grey, high plasticity",Hard,,,47,,,,,,OW-30_1.pdf,
OW-30-1,663464.0,1521298.0,41.5,40.0,43.0,SS,"Very dense SAND, light brown, fine grained",,,,,,,,,,OW-30_1.pdf,
OW-30-1,663464.0,1521298.0,46.5,43.0,50.0,SS,"Dense to very dense SAND, brown, fine to medium grained",Dense,,,44,,,,,,OW-30_1.pdf,
OW-30-2,663459.0,1521316.0,15.0,0.0,30.0,MG,Ground Surface Wash out,,,,,,,,,,OW-30_2.pdf,
OW-30-2,663459.0,1521316.0,33.5,30.0,37.0,SS,"Medium dense to very dense SAND, brown and light grey to grey, fine grained",,,,,,,,,,OW-30_2.pdf,
OW-30-2,663459.0,1521316.0,38.5,37.0,40.0,SC,"Very stiff CLAY, light grey, high plasticity",Hard,,,61,,,,,,OW-30_2.pdf,
OW-30-2,663459.0,1521316.0,42.25,40.0,44.5,SS,"Very dense SAND, light brown to brown, fine grained",,,,,,,,,,OW-30_2.pdf,
OW-30-2,663459.0,1521316.0,47.25,44.5,50.0,SS,"Very dense SAND, light brown to brown, fine to medium grained",Very Dense,,,55,,,,,,OW-30_2.pdf,
OW-31,663700.0,1521329.0,1.25,0.0,2.5,MG,Ground Surface Fill Material / Top Soil,Soft,16.9,ST,,,,,,,OW-31.pdf,
OW-31,663700.0,1521329.0,7.0,2.5,11.5,VSC,"Very soft to soft CLAY, trace of sand, grey, high plasticity (CH)",Soft,16.6,ST,,,,,,,OW-31.pdf,
OW-31,663700.0,1521329.0,12.25,11.5,13.0,SC,"Medium stiff CLAY, grey, high plasticity (CH) Stiff to very stiff CLAY, trace of sand, grey",Medium,28.3,ST,,,,,,,OW-31.pdf,
OW-31,663700.0,1521329.0,13.75,13.0,14.5,SC,"Medium stiff CLAY, grey, high plasticity (CH) Stiff to very stiff CLAY, trace of sand, grey and greyish brown, high plasticity (CH)",Soft,15.0,ST,34,,,,,,OW-31.pdf,
OW-31,663700.0,1521329.0,16.0,14.5,17.5,MSC,"Stiff to very stiff CLAY, trace of sand, grey and greyish brown, high plasticity (CH) Hard CLAY, trace of sand, greyish brown, high plasticity (CH)",Hard,,,34,,,,,,OW-31.pdf,
OW-31,663700.0,1521329.0,19.0,17.5,20.5,SC,"high plasticity (CH) Very stiff CLAY, grey, high plasticity (CH)",Very Stiff,,,25,,,,,,OW-31.pdf,
OW-31,663700.0,1521329.0,21.25,20.5,22.0,MSC,"Hard silty CLAY, trace of sand, greyish brown, low plasticity (CL) Very stiff silty CLAY, greyish brown, low",Hard,,,33,,,,,,OW-31.pdf,
OW-31,663700.0,1521329.0,22.75,22.0,23.5,SOC,"brown, low plasticity (CL) Very stiff silty CLAY, greyish brown, low plasticity (CL)",Very Stiff,,,24,,,,,,OW-31.pdf,
OW-31,663700.0,1521329.0,25.75,23.5,28.0,MSC,"Very stiff silty CLAY, greyish brown, low plasticity (CL) Hard silty CLAY, few to little sand, greyish brown and grey, low plasticity (CL)",Hard,,,48,,,,,,OW-31.pdf,
OW-31,663700.0,1521329.0,33.25,28.0,38.5,SS,"Very dense silty SAND, grey and greyish brown, fine to medium grained (SM)",Dense,,,48,,,,,,OW-31.pdf,
OW-31,663700.0,1521329.0,43.0,38.5,47.5,MSC,"Hard silty CLAY, little sand for SS-19, grey, low plasticity (CL)",Hard,,,37,,,,,,OW-31.pdf,
OW-31,663700.0,1521329.0,48.75,47.5,50.0,SS,"Very dense SAND with silt, grey, fine to medium grained (SW-SM, SP-SM)",,,,,,,,,,OW-31.pdf,
OW-32,663934.0,1521296.0,1.75,0.0,3.5,MG,Ground Surface Fill Material / Top Soil,Medium,26.5,ST,,,,,,,OW-32.pdf,
OW-32,663934.0,1521296.0,4.5,3.5,5.5,SC,"Medium stiff CLAY, grey, high plasticity (CH)",Medium,26.5,ST,,,,,,,OW-32.pdf,
OW-32,663934.0,1521296.0,9.25,5.5,13.0,VSC,"(CH) Very soft to soft CLAY, trace of sand, grey, hig plasticity (CH)",Very Soft,14.3,ST,,,,,,,OW-32.pdf,
OW-32,663934.0,1521296.0,13.75,13.0,14.5,SC,"Medium stiff CLAY, grey, high plasticity (CH) Very stiff silty CLAY, trace to few sand,",Medium,40.4,ST,,,,,,,OW-32.pdf,
OW-32,663934.0,1521296.0,16.75,14.5,19.0,SC,"Medium stiff CLAY, grey, high plasticity (CH) Very stiff silty CLAY, trace to few sand, grey and greyish brown, high to low",Medium,26.0,ST,21,,,,,,OW-32.pdf,
OW-32,663934.0,1521296.0,19.75,19.0,20.5,MSC,"Hard silty CLAY, trace of sand, greyish brown, low plasticity (CL) Stiff sandy CLAY, greyish brown, low",Hard,,,32,,,,,,OW-32.pdf,
OW-32,663934.0,1521296.0,21.25,20.5,22.0,MSC,"Hard silty CLAY, trace of sand, greyish brown, low plasticity (CL) Stiff sandy CLAY, greyish brown, low plasticity (CL)",Very Stiff,,,15,,,,,,OW-32.pdf,
OW-32,663934.0,1521296.0,22.75,22.0,23.5,SS,"Stiff sandy CLAY, greyish brown, low plasticity (CL) Very stiff silty CLAY, trace of sand, greyish brown, low plasticity (CL)",Medium Dense,,,24,,,,,,OW-32.pdf,
OW-32,663934.0,1521296.0,25.0,23.5,26.5,MSC,"Very stiff silty CLAY, trace of sand, greyish brown, low plasticity (CL) Hard silty CLAY, few sand, greyish brown,",Hard,,,40,,,,,,OW-32.pdf,
OW-32,663934.0,1521296.0,27.25,26.5,28.0,SS,"low plasticity (CL) Very stiff silty CLAY, trace of sand, greyish brown, low plasticity (CL)",Medium Dense,,,21,,,,,,OW-32.pdf,
OW-32,663934.0,1521296.0,28.75,28.0,29.5,MSC,"Very stiff silty CLAY, trace of sand, greyish brown, low plasticity (CL) Hard silty CLAY, few sand, brown, low plasticity (CL)",Hard,,,42,,,,,,OW-32.pdf,
OW-32,663934.0,1521296.0,39.25,29.5,49.0,MSC,"Hard silty CLAY, few sand, brown, low plasticity (CL) Medium dense to very dense silty SAND /",Hard,,,32,,,,,,OW-32.pdf,
OW-32,663934.0,1521296.0,49.75,49.0,50.5,SS,"Very dense silty SAND, greyish brown, fine grained (SM)",,,,,,,,,,OW-32.pdf,
OW-32,663934.0,1521296.0,51.25,50.5,52.0,SS,"Very dense silty SAND, greyish brown, fine grained (SM) Hard sandy CLAY, greyish brown, low plasticity (CL)",,,,,,,,,,OW-32.pdf,
OW-32,663934.0,1521296.0,54.25,52.0,56.5,SS,"Hard sandy CLAY, greyish brown, low plasticity (CL) Very dense silty SAND, greyish brown, fine grained (SM)",,,,,,,,,,OW-32.pdf,
OW-32,663934.0,1521296.0,58.48,56.5,60.45,SS,"Very dense SAND with silt, grey, medium grained (SP-SM)",,,,,,,,,,OW-32.pdf,
OW-33,664053.0,1521326.0,1.0,0.0,2.0,MG,Ground Surface Fill Material,Very Soft,14.5,ST,,,,,,,OW-33.pdf,
OW-33,664053.0,1521326.0,7.5,2.0,13.0,VSC,"Very soft to soft CLAY, trace of sand, greenish grey to grey, high plasticity (CH)",Very Soft,12.3,ST,,,,,,,OW-33.pdf,
OW-33,664053.0,1521326.0,13.75,13.0,14.5,SC,"Medium stiff CLAY, grey, high plasticity (CH) Stiff to very stiff silty CLAY, trace to few",Medium,25.8,ST,,,,,,,OW-33.pdf,
OW-33,664053.0,1521326.0,16.75,14.5,19.0,SC,"Medium stiff CLAY, grey, high plasticity (CH) Stiff to very stiff silty CLAY, trace to few sand, greenish grey to grey, high to low",Medium,26.0,ST,25,,,,,,OW-33.pdf,
OW-33,664053.0,1521326.0,19.75,19.0,20.5,MSC,"Hard silty CLAY, trace of sand, grey, low plasticity (CL) Very stiff sandy CLAY, greyish brown, low",Hard,,,45,,,,,,OW-33.pdf,
OW-33,664053.0,1521326.0,21.25,20.5,22.0,MSC,"Hard silty CLAY, trace of sand, grey, low plasticity (CL) Very stiff sandy CLAY, greyish brown, low plasticity (CL)",Very Stiff,,,21,,,,,,OW-33.pdf,
OW-33,664053.0,1521326.0,24.25,22.0,26.5,MSC,"Very stiff sandy CLAY, greyish brown, low plasticity (CL) Very stiff silty CLAY, except hard silty clay for SS-7, greyish brown, low plasticity (CL)",Very Stiff,,,30,,,,,,OW-33.pdf,
OW-33,664053.0,1521326.0,27.25,26.5,28.0,MSC,"Hard silty CLAY, trace of sand, greyish brown, low plasticity (CL) Dense to very dense silty SAND / SAND",Hard,,,38,,,,,,OW-33.pdf,
OW-33,664053.0,1521326.0,37.75,28.0,47.5,MSC,"Hard silty CLAY, trace of sand, greyish brown, low plasticity (CL) Dense to very dense silty SAND / SAND with silt, little gravel at SS-17, greyish",Hard,,,56,,,,,,OW-33.pdf,
OW-33,664053.0,1521326.0,61.0,47.5,74.5,SS,"Very dense silty SAND / SAND with silt, greyish brown and grey, fine to medium",Very Dense,,,64,,,,,,OW-33.pdf,
OW-33,664053.0,1521326.0,77.25,74.5,80.0,MSC,"Hard silty CLAY, greyish brown and grey, high to low plasticity (CH, CL)",,,,,,,,,,OW-33.pdf,
OW-34,664160.0,1521364.0,1.25,0.0,2.5,MG,Ground Surface Fill Material / Top Soil,,,,,,,,,,OW-34.pdf,
OW-34,664160.0,1521364.0,7.75,2.5,13.0,VSC,"Very soft to soft CLAY, trace of sand, grey, high plasticity (CH)",Soft,16.4,ST,,,,,,,OW-34.pdf,
OW-34,664160.0,1521364.0,13.5,13.0,14.0,SC,"Medium stiff CLAY, trace of sand, greyish brown, high plasticity (CH) Stiff to very stiff silty CLAY, trace to few",Soft,15.0,ST,21,,,,,,OW-34.pdf,
OW-34,664160.0,1521364.0,17.25,14.0,20.5,SC,"brown, high plasticity (CH) Stiff to very stiff silty CLAY, trace to few sand, greyish brown and grey, high to low",Very Stiff,,,22,,,,,,OW-34.pdf,
OW-34,664160.0,1521364.0,21.25,20.5,22.0,MSC,"Very stiff sandy CLAY, greyish brown, low plasticity (CL) Hard silty CLAY, trace of sand, greyish",Very Stiff,,,27,,,,,,OW-34.pdf,
OW-34,664160.0,1521364.0,22.75,22.0,23.5,MSC,"Very stiff sandy CLAY, greyish brown, low plasticity (CL) Hard silty CLAY, trace of sand, greyish brown, low plasticity (CL)",Hard,,,37,,,,,,OW-34.pdf,
OW-34,664160.0,1521364.0,25.75,23.5,28.0,MSC,"Hard silty CLAY, trace of sand, greyish brown, low plasticity (CL) Very stiff silty CLAY, trace of sand, greyish brown to brown, low plasticity (CL)",Very Stiff,,,24,,,,,,OW-34.pdf,
OW-34,664160.0,1521364.0,28.75,28.0,29.5,SS,"Hard sandy CLAY, grey, low plasticity (CL) Very dense silty SAND / SAND with silt,",Medium Dense,,,21,,,,,,OW-34.pdf,
OW-34,664160.0,1521364.0,34.0,29.5,38.5,SS,"Hard sandy CLAY, grey, low plasticity (CL) Very dense silty SAND / SAND with silt, grey, fine to medium grained (SM, SP-SM)",Very Dense,,,60,,,,,,OW-34.pdf,
OW-34,664160.0,1521364.0,43.0,38.5,47.5,MSC,"Hard silty CLAY, few sand, greyish brown, low plasticity (CL)",Hard,,,62,,,,,,OW-34.pdf,
OW-34,664160.0,1521364.0,54.25,47.5,61.0,SS,"Very dense silty SAND / SAND with silt, greyish brown and grey, fine to medium",,,,,,,,,,OW-34.pdf,
OW-34,664160.0,1521364.0,64.75,61.0,68.5,SS,"Very dense silty SAND / SAND with silt, grey, medium grained (SM, SP-SM)",Very Dense,,,74,,,,,,OW-34.pdf,
OW-34,664160.0,1521364.0,69.25,68.5,70.0,SS,"Hard sandy CLAY, grey, low plasticity (CL) Very dense silty SAND, grey, fine grained",,,,,,,,,,OW-34.pdf,
OW-34,664160.0,1521364.0,75.0,70.0,80.0,SS,"Hard sandy CLAY, grey, low plasticity (CL) Very dense silty SAND, grey, fine grained (SM)",,,,,,,,,,OW-34.pdf,
OW-35,664307.0,1521361.0,0.5,0.0,1.0,VSC,"Ground Surface Fill Material Very soft to soft CLAY, trace of sand,",,,,,,,,,,OW-35.pdf,
OW-35,664307.0,1521361.0,5.5,1.0,10.0,VSC,"Fill Material Very soft to soft CLAY, trace of sand, greenish grey to grey, high plasticity (CH)",Very Soft,12.6,ST,,,,,,,OW-35.pdf,
OW-35,664307.0,1521361.0,10.75,10.0,11.5,SOC,"Medium stiff CLAY, trace of sand, grey, high plasticity (CH) Soft CLAY, trace of sand, grey, high",Medium,32.1,ST,,,,,,,OW-35.pdf,
OW-35,664307.0,1521361.0,12.25,11.5,13.0,SOC,"high plasticity (CH) Soft CLAY, trace of sand, grey, high plasticity (CH) Very stiff CLAY, trace of sand, light grey,",Soft,24.1,ST,,,,,,,OW-35.pdf,
OW-35,664307.0,1521361.0,13.5,13.0,14.0,SC,"plasticity (CH) Very stiff CLAY, trace of sand, light grey, high plasticity (CH)",Medium,36.0,ST,35,,,,,,OW-35.pdf,
OW-35,664307.0,1521361.0,16.5,14.0,19.0,MSC,"Very stiff CLAY, trace of sand, light grey, high plasticity (CH) Hard CLAY, trace of sand, greyish brown,",Hard,,,38,,,,,,OW-35.pdf,
OW-35,664307.0,1521361.0,19.75,19.0,20.5,SS,"Stiff silty CLAY, few sand, greyish brown, low plasticity (CL) Hard sandy CLAY, greyish brown, low",Medium Dense,,,11,,,,,,OW-35.pdf,
OW-35,664307.0,1521361.0,22.0,20.5,23.5,SS,"Stiff silty CLAY, few sand, greyish brown, low plasticity (CL) Hard sandy CLAY, greyish brown, low plasticity (CL)",Dense,,,42,,,,,,OW-35.pdf,
OW-35,664307.0,1521361.0,24.25,23.5,25.0,SS,"Dense clayey SAND, light grey, fine grained (SC)",Dense,,,44,,,,,,OW-35.pdf,
OW-35,664307.0,1521361.0,28.0,25.0,31.0,SS,"Dense clayey SAND, light grey, fine grained (SC) Medium dense to very dense silty SAND, greyish brown and light grey, fine grained",Dense,,,45,,,,,,OW-35.pdf,
OW-35,664307.0,1521361.0,34.75,31.0,38.5,SS,"Medium dense to very dense SAND with silt, greyish brown and grey, fine to",Very Dense,,,51,,,,,,OW-35.pdf,
OW-35,664307.0,1521361.0,56.5,38.5,74.5,MSC,"Hard CLAY, trace to few sand, greyish brown and grey, high plasticity (CH)",Hard,,,60,,,,,,OW-35.pdf,
OW-35,664307.0,1521361.0,77.25,74.5,80.0,MSC,"Hard CLAY, trace to few sand, greyish brown, high plasticity (CH)",,,,,,,,,,OW-35.pdf,
